timestamp_ms,image_path,detected_label,chosen_label,score,mode
1780578398755,collected_labels\player\1780578398755_player.png,player_hit,player,0.7940694689750671,manual_label
1780578401123,collected_labels\close_door\1780578401123_close_door.png,walls_room,close_door,0.7769958972930908,manual_label
1780578602670,collected_labels\walls_room\1780578602670_walls_room.png,enemy,walls_room,0.8215424418449402,manual_label
1780579294530,collected_labels\_rejected\1780579294530_rejected.png,player_hit,rejected,0.8539510369300842,rejected
1780579314908,collected_labels\bullets_player\1780579314908_bullets_player.png,bullets_player,bullets_player,0.9409029483795166,manual_label
1780579315933,collected_labels\bullets_player\1780579315933_bullets_player.png,bullets_enemy,bullets_player,0.9223476052284241,manual_label
1780579316895,collected_labels\bullets_player\1780579316895_bullets_player.png,bullets_player,bullets_player,0.8283877372741699,manual_label
1780579322335,collected_labels\_skipped\1780579322335_skipped.png,player_hit,skipped,0.8251588344573975,skipped
1780579326562,collected_labels\close_door\1780579326562_close_door.png,walls_room,close_door,0.8025322556495667,manual_label
1780579331885,collected_labels\_skipped\1780579331885_skipped.png,bullets_player,skipped,0.7832936644554138,skipped
1780579332923,collected_labels\_skipped\1780579332923_skipped.png,bullets_player,skipped,0.774337112903595,skipped
1780579333945,collected_labels\_skipped\1780579333945_skipped.png,bullets_player,skipped,0.7719112038612366,skipped
1780579334695,collected_labels\_skipped\1780579334695_skipped.png,bullets_player,skipped,0.7697102427482605,skipped
1780579337485,collected_labels\_skipped\1780579337485_skipped.png,player_hit,skipped,0.7662827968597412,skipped
1780579338257,collected_labels\_skipped\1780579338257_skipped.png,bullets_player,skipped,0.7647102475166321,skipped
1780579338836,collected_labels\_skipped\1780579338836_skipped.png,bullets_player,skipped,0.761154294013977,skipped
1780579342546,collected_labels\walls_room\1780579342546_walls_room.png,close_door,walls_room,0.7520728707313538,manual_label
1780579344947,collected_labels\_skipped\1780579344947_skipped.png,enemy,skipped,0.751070499420166,skipped
1780579349803,collected_labels\close_door\1780579349803_close_door.png,close_door,close_door,0.7464919090270996,manual_label
1780579351145,collected_labels\_skipped\1780579351145_skipped.png,bullets_enemy,skipped,0.7364890575408936,skipped
1780579354565,collected_labels\walls_room\1780579354565_walls_room.png,walls_room,walls_room,0.7352341413497925,manual_label
1780579357973,collected_labels\ground\1780579357973_ground.png,obstacles,ground,0.7342250347137451,manual_label
1780579359906,collected_labels\_skipped\1780579359906_skipped.png,bullets_enemy,skipped,0.7256510853767395,skipped
1780579361134,collected_labels\_skipped\1780579361134_skipped.png,bullets_enemy,skipped,0.725627601146698,skipped
1780579361780,collected_labels\_skipped\1780579361780_skipped.png,bullets_enemy,skipped,0.7237930297851562,skipped
1780579384105,collected_labels\ground\1780579384105_ground.png,close_door,ground,0.7204479575157166,manual_label
1780579385385,collected_labels\ground\1780579385385_ground.png,bullets_enemy,ground,0.7119575142860413,manual_label
1780579385937,collected_labels\ground\1780579385937_ground.png,bullets_enemy,ground,0.7051220536231995,manual_label
1780579386613,collected_labels\ground\1780579386613_ground.png,bullets_enemy,ground,0.7000426650047302,manual_label
1780579389489,collected_labels\ground\1780579389489_ground.png,bullets_player,ground,0.9464281797409058,manual_label
1780579392024,collected_labels\bullets_player\1780579392024_bullets_player.png,bullets_player,bullets_player,0.9435691237449646,manual_label
1780579392764,collected_labels\bullets_player\1780579392764_bullets_player.png,bullets_enemy,bullets_player,0.9259578585624695,manual_label
1780579393477,collected_labels\bullets_player\1780579393477_bullets_player.png,bullets_enemy,bullets_player,0.9255527257919312,manual_label
1780579395476,collected_labels\_skipped\1780579395476_skipped.png,player_hit,skipped,0.8566743731498718,skipped
1780579397840,collected_labels\_skipped\1780579397840_skipped.png,player_hit,skipped,0.8520535826683044,skipped
1780579400421,collected_labels\ground\1780579400421_ground.png,player_hit,ground,0.847637414932251,manual_label
1780579402423,collected_labels\walls_room\1780579402423_walls_room.png,walls_room,walls_room,0.8321157097816467,manual_label
1780579403761,collected_labels\ground\1780579403761_ground.png,obstacles,ground,0.8041975498199463,manual_label
1780579407907,collected_labels\_skipped\1780579407907_skipped.png,enemy,skipped,0.7772091031074524,skipped
1780579411300,collected_labels\walls_room\1780579411300_walls_room.png,walls_room,walls_room,0.7647634148597717,manual_label
1780579416373,collected_labels\obstacles\1780579416373_obstacles.png,enemy,obstacles,0.7581692934036255,manual_label
1780579420648,collected_labels\walls_room\1780579420648_walls_room.png,enemy,walls_room,0.7563406825065613,manual_label
1780579423871,collected_labels\_skipped\1780579423871_skipped.png,bullets_player,skipped,0.7545380592346191,skipped
1780579432896,collected_labels\_skipped\1780579432896_skipped.png,bullets_player,skipped,0.7495967745780945,skipped
1780579439019,collected_labels\walls_room\1780579439019_walls_room.png,enemy,walls_room,0.7488220930099487,manual_label
1780579440951,collected_labels\ground\1780579440951_ground.png,bullets_player,ground,0.743291974067688,manual_label
1780579444536,collected_labels\obstacles\1780579444536_obstacles.png,enemy,obstacles,0.7336043119430542,manual_label
1780579450917,collected_labels\walls_room\1780579450917_walls_room.png,close_door,walls_room,0.7326664328575134,manual_label
1780579452476,collected_labels\walls_room\1780579452476_walls_room.png,obstacles,walls_room,0.7225428819656372,manual_label
1780579454069,collected_labels\ground\1780579454069_ground.png,bullets_enemy,ground,0.7161640524864197,manual_label
1780579457709,collected_labels\obstacles\1780579457709_obstacles.png,obstacles,obstacles,0.7074416279792786,manual_label
1780579473406,collected_labels\ground\1780579473406_ground.png,bullets_player,ground,0.7068099975585938,manual_label
1780579476845,collected_labels\obstacles\1780579476845_obstacles.png,player_hit,obstacles,0.7024512887001038,manual_label
1780579479704,collected_labels\obstacles\1780579479704_obstacles.png,enemy,obstacles,0.8745392560958862,manual_label
1780579490920,collected_labels\ground\1780579490920_ground.png,player_hit,ground,0.8408215045928955,manual_label
1780579491690,collected_labels\ground\1780579491690_ground.png,player_hit,ground,0.8365636467933655,manual_label
1780579492678,collected_labels\ground\1780579492678_ground.png,enemy,ground,0.8270467519760132,manual_label
1780579498642,collected_labels\walls_room\1780579498642_walls_room.png,enemy,walls_room,0.7935462594032288,manual_label
1780579507511,collected_labels\enemy\1780579507511_enemy.png,bullets_enemy,enemy,0.7753037214279175,manual_label
1780579509271,collected_labels\enemy\1780579509271_enemy.png,bullets_player,enemy,0.7564652562141418,manual_label
1780579519554,collected_labels\ground\1780579519554_ground.png,opened_door,ground,0.7407963275909424,manual_label
1780579523583,collected_labels\obstacles\1780579523583_obstacles.png,opened_door,obstacles,0.7325292825698853,manual_label
1780579526450,collected_labels\opened_door\1780579526450_opened_door.png,close_door,opened_door,0.7146257162094116,manual_label
1780579528783,collected_labels\walls_room\1780579528783_walls_room.png,close_door,walls_room,0.7125657796859741,manual_label
1780579531211,collected_labels\_skipped\1780579531211_skipped.png,bullets_player,skipped,0.7026473879814148,skipped
1780579534054,collected_labels\_skipped\1780579534054_skipped.png,player_hit,skipped,0.8567609786987305,skipped
1780579535770,collected_labels\_skipped\1780579535770_skipped.png,player_hit,skipped,0.8393434882164001,skipped
1780579538553,collected_labels\walls_room\1780579538553_walls_room.png,walls_room,walls_room,0.8073937296867371,manual_label
1780579542632,collected_labels\_rejected\1780579542632_rejected.png,enemy,rejected,0.7777115106582642,rejected
1780579544206,collected_labels\_rejected\1780579544206_rejected.png,bullets_player,rejected,0.7661205530166626,rejected
1780579545217,collected_labels\_rejected\1780579545217_rejected.png,bullets_enemy,rejected,0.7489254474639893,rejected
1780579547862,collected_labels\_rejected\1780579547862_rejected.png,bullets_player,rejected,0.7441848516464233,rejected
1780579549533,collected_labels\_rejected\1780579549533_rejected.png,bullets_player,rejected,0.728897750377655,rejected
1780579553863,collected_labels\walls_room\1780579553863_walls_room.png,close_door,walls_room,0.7158576250076294,manual_label
1780579555481,collected_labels\ground\1780579555481_ground.png,bullets_player,ground,0.7000914216041565,manual_label
1780579565509,collected_labels\obstacles\1780579565509_obstacles.png,enemy,obstacles,0.9015396237373352,manual_label
1780579568250,collected_labels\obstacles\1780579568250_obstacles.png,player_hit,obstacles,0.8584116697311401,manual_label
1780579570214,collected_labels\_rejected\1780579570214_rejected.png,player_hit,rejected,0.8566530346870422,rejected
1780579571866,collected_labels\_rejected\1780579571866_rejected.png,player_hit,rejected,0.8521648049354553,rejected
1780579573254,collected_labels\ground\1780579573254_ground.png,obstacles,ground,0.814046323299408,manual_label
1780579574643,collected_labels\_rejected\1780579574643_rejected.png,bullets_player,rejected,0.7607227563858032,rejected
1780579575607,collected_labels\_rejected\1780579575607_rejected.png,bullets_enemy,rejected,0.7564589977264404,rejected
1780579577493,collected_labels\obstacles\1780579577493_obstacles.png,opened_door,obstacles,0.7505192756652832,manual_label
1780579580783,collected_labels\walls_room\1780579580783_walls_room.png,walls_room,walls_room,0.7396237850189209,manual_label
1780579585404,collected_labels\_rejected\1780579585404_rejected.png,bullets_enemy,rejected,0.722166895866394,rejected
1780579588568,collected_labels\obstacles\1780579588568_obstacles.png,opened_door,obstacles,0.7029190063476562,manual_label
1780579595373,collected_labels\enemy\1780579595373_enemy.png,enemy,enemy,0.906895101070404,manual_label
1780579596893,collected_labels\_rejected\1780579596893_rejected.png,player_hit,rejected,0.8568845391273499,rejected
1780579598775,collected_labels\_rejected\1780579598775_rejected.png,player_hit,rejected,0.8525871634483337,rejected
1780579600092,collected_labels\_rejected\1780579600092_rejected.png,player_hit,rejected,0.8323918581008911,rejected
1780579601933,collected_labels\walls_room\1780579601933_walls_room.png,walls_room,walls_room,0.8214872479438782,manual_label
1780579603913,collected_labels\ground\1780579603913_ground.png,bullets_player,ground,0.7267641425132751,manual_label
1780579606359,collected_labels\walls_room\1780579606359_walls_room.png,close_door,walls_room,0.7201706171035767,manual_label
1780579614273,collected_labels\obstacles\1780579614273_obstacles.png,player_hit,obstacles,0.7194629907608032,manual_label
1780579616121,collected_labels\walls_room\1780579616121_walls_room.png,walls_room,walls_room,0.714766263961792,manual_label
1780579617569,collected_labels\walls_room\1780579617569_walls_room.png,close_door,walls_room,0.7123417258262634,manual_label
1780579624814,collected_labels\enemy\1780579624814_enemy.png,enemy,enemy,0.9756450057029724,manual_label
1780586996800,collected_labels\_skipped\1780586996800_skipped.png,bullets_player,skipped,0.744405210018158,skipped
1780586997809,collected_labels\_skipped\1780586997809_skipped.png,bullets_player,skipped,0.741506814956665,skipped
1780586998453,collected_labels\_skipped\1780586998453_skipped.png,bullets_player,skipped,0.7352870106697083,skipped
1780587001376,collected_labels\_skipped\1780587001376_skipped.png,bullets_player,skipped,0.9647608995437622,skipped
1780587008381,collected_labels\bullets_player\1780587008381_bullets_player.png,bullets_player,bullets_player,0.9585708379745483,manual_label
1780587009260,collected_labels\bullets_player\1780587009260_bullets_player.png,bullets_enemy,bullets_player,0.9504081010818481,manual_label
1780587012646,collected_labels\bullets_player\1780587012646_bullets_player.png,bullets_enemy,bullets_player,0.944193959236145,manual_label
1780587017782,collected_labels\_skipped\1780587017782_skipped.png,opened_door,skipped,0.9439980983734131,skipped
1780587022326,collected_labels\walls_room\1780587022326_walls_room.png,player_hit,walls_room,0.8179928660392761,manual_label
1780587023425,collected_labels\walls_room\1780587023425_walls_room.png,walls_room,walls_room,0.7708280086517334,manual_label
1780587026195,collected_labels\walls_room\1780587026195_walls_room.png,walls_room,walls_room,0.7521392107009888,manual_label
1780587028125,collected_labels\walls_room\1780587028125_walls_room.png,walls_room,walls_room,0.7264611124992371,manual_label
1780587029053,collected_labels\walls_room\1780587029053_walls_room.png,obstacles,walls_room,0.7082964181900024,manual_label
1780587038827,collected_labels\map\1780587038827_map.png,bullets_player,map,0.7010720372200012,manual_label
1780587041675,collected_labels\map\1780587041675_map.png,enemy,map,0.7776756882667542,manual_label
1780587045849,collected_labels\bullets_player\1780587045849_bullets_player.png,bullets_player,bullets_player,0.7681175470352173,manual_label
1780587054162,collected_labels\ground\1780587054162_ground.png,walls_room,ground,0.7590864896774292,manual_label
1780587058383,collected_labels\ground\1780587058383_ground.png,enemy,ground,0.7575011849403381,manual_label
1780587059976,collected_labels\bullets_player\1780587059976_bullets_player.png,bullets_player,bullets_player,0.757119357585907,manual_label
1780587061490,collected_labels\ground\1780587061490_ground.png,player_hit,ground,0.7567055225372314,manual_label
1780587062607,collected_labels\ground\1780587062607_ground.png,player_hit,ground,0.7542202472686768,manual_label
1780587068460,collected_labels\player\1780587068460_player.png,player_hit,player,0.7507074475288391,manual_label
1780587069927,collected_labels\bullets_player\1780587069927_bullets_player.png,bullets_enemy,bullets_player,0.7487594485282898,manual_label
1780587070697,collected_labels\bullets_player\1780587070697_bullets_player.png,bullets_enemy,bullets_player,0.7382974624633789,manual_label
1780587072126,collected_labels\ground\1780587072126_ground.png,obstacles,ground,0.7087571620941162,manual_label
1780587074767,collected_labels\walls_room\1780587074767_walls_room.png,walls_room,walls_room,0.7070208787918091,manual_label
1780587076606,collected_labels\walls_room\1780587076606_walls_room.png,obstacles,walls_room,0.7042759656906128,manual_label
1780587084848,collected_labels\close_door\1780587084848_close_door.png,enemy,close_door,0.7776756882667542,manual_label
1780587086800,collected_labels\bullets_player\1780587086800_bullets_player.png,bullets_player,bullets_player,0.7681175470352173,manual_label
1780587088366,collected_labels\ground\1780587088366_ground.png,walls_room,ground,0.7590864896774292,manual_label
1780587090064,collected_labels\ground\1780587090064_ground.png,enemy,ground,0.7575011849403381,manual_label
1780587091397,collected_labels\bullets_player\1780587091397_bullets_player.png,bullets_player,bullets_player,0.757119357585907,manual_label
1780587092555,collected_labels\ground\1780587092555_ground.png,player_hit,ground,0.7567055225372314,manual_label
1780587093263,collected_labels\ground\1780587093263_ground.png,player_hit,ground,0.7542202472686768,manual_label
1780587098612,collected_labels\player\1780587098612_player.png,player_hit,player,0.7507074475288391,manual_label
1780587100054,collected_labels\bullets_player\1780587100054_bullets_player.png,bullets_enemy,bullets_player,0.7487594485282898,manual_label
1780587100786,collected_labels\bullets_player\1780587100786_bullets_player.png,bullets_enemy,bullets_player,0.7382974624633789,manual_label
1780587102953,collected_labels\ground\1780587102953_ground.png,obstacles,ground,0.7087571620941162,manual_label
1780587104857,collected_labels\walls_room\1780587104857_walls_room.png,walls_room,walls_room,0.7070208787918091,manual_label
1780587107462,collected_labels\walls_room\1780587107462_walls_room.png,obstacles,walls_room,0.7042759656906128,manual_label
1780587114158,collected_labels\close_door\1780587114158_close_door.png,enemy,close_door,0.7927221655845642,manual_label
1780587115647,collected_labels\bullets_player\1780587115647_bullets_player.png,bullets_player,bullets_player,0.7884578704833984,manual_label
1780587116447,collected_labels\bullets_player\1780587116447_bullets_player.png,bullets_player,bullets_player,0.7726669907569885,manual_label
1780587118365,collected_labels\ground\1780587118365_ground.png,enemy,ground,0.7685816287994385,manual_label
1780587123280,collected_labels\bullets_player\1780587123280_bullets_player.png,bullets_enemy,bullets_player,0.7672166228294373,manual_label
1780587125786,collected_labels\player\1780587125786_player.png,player_hit,player,0.7660322189331055,manual_label
1780587127667,collected_labels\ground\1780587127667_ground.png,walls_room,ground,0.7644023895263672,manual_label
1780587128643,collected_labels\ground\1780587128643_ground.png,player_hit,ground,0.7623968720436096,manual_label
1780587132155,collected_labels\bullets_player\1780587132155_bullets_player.png,bullets_enemy,bullets_player,0.7516177296638489,manual_label
1780587133882,collected_labels\walls_room\1780587133882_walls_room.png,walls_room,walls_room,0.709668755531311,manual_label
1780587135731,collected_labels\walls_room\1780587135731_walls_room.png,obstacles,walls_room,0.7083809971809387,manual_label
1780587136515,collected_labels\walls_room\1780587136515_walls_room.png,obstacles,walls_room,0.7062364816665649,manual_label
1780587137805,collected_labels\ground\1780587137805_ground.png,obstacles,ground,0.7061142921447754,manual_label
1780587139094,collected_labels\ground\1780587139094_ground.png,obstacles,ground,0.7005592584609985,manual_label
1780587143966,collected_labels\ground\1780587143966_ground.png,enemy,ground,0.7347123622894287,manual_label
1780587145509,collected_labels\ground\1780587145509_ground.png,walls_room,ground,0.7183228135108948,manual_label
1780587150080,collected_labels\ground\1780587150080_ground.png,player_hit,ground,0.7373761534690857,manual_label
1780587151461,collected_labels\walls_room\1780587151461_walls_room.png,obstacles,walls_room,0.7100542187690735,manual_label
1780587152446,collected_labels\ground\1780587152446_ground.png,walls_room,ground,0.7057116627693176,manual_label
1780587158447,collected_labels\walls_room\1780587158447_walls_room.png,walls_room,walls_room,0.7588833570480347,manual_label
1780587160564,collected_labels\ground\1780587160564_ground.png,player_hit,ground,0.7311899662017822,manual_label
1780587164321,collected_labels\walls_room\1780587164321_walls_room.png,obstacles,walls_room,0.7100598812103271,manual_label
1780587165593,collected_labels\ground\1780587165593_ground.png,walls_room,ground,0.706031858921051,manual_label
1780587170226,collected_labels\walls_room\1780587170226_walls_room.png,walls_room,walls_room,0.7606446743011475,manual_label
1780587171405,collected_labels\ground\1780587171405_ground.png,enemy,ground,0.7368621826171875,manual_label
1780587174967,collected_labels\ground\1780587174967_ground.png,bullets_enemy,ground,0.7288348078727722,manual_label
1780587175859,collected_labels\ground\1780587175859_ground.png,enemy,ground,0.7283555865287781,manual_label
1780587176707,collected_labels\ground\1780587176707_ground.png,player_hit,ground,0.7271367311477661,manual_label
1780587177398,collected_labels\ground\1780587177398_ground.png,enemy,ground,0.722627580165863,manual_label
1780587178505,collected_labels\ground\1780587178505_ground.png,obstacles,ground,0.7016801238059998,manual_label
1780587184734,collected_labels\walls_room\1780587184734_walls_room.png,walls_room,walls_room,0.7779596447944641,manual_label
1780587187396,collected_labels\opened_door\1780587187396_opened_door.png,player_hit,opened_door,0.7642056941986084,manual_label
1780587190178,collected_labels\ground\1780587190178_ground.png,opened_door,ground,0.7546972036361694,manual_label
1780587192643,collected_labels\ground\1780587192643_ground.png,bullets_player,ground,0.728424608707428,manual_label
1780587193792,collected_labels\ground\1780587193792_ground.png,bullets_enemy,ground,0.7231043577194214,manual_label
1780587194936,collected_labels\ground\1780587194936_ground.png,player_hit,ground,0.7225667834281921,manual_label
1780587196535,collected_labels\ground\1780587196535_ground.png,walls_room,ground,0.7050817608833313,manual_label
1780587201235,collected_labels\walls_room\1780587201235_walls_room.png,walls_room,walls_room,0.7914196252822876,manual_label
1780587204039,collected_labels\ground\1780587204039_ground.png,walls_room,ground,0.7771050333976746,manual_label
1780587210434,collected_labels\walls_room\1780587210434_walls_room.png,obstacles,walls_room,0.7136921286582947,manual_label
1780587211036,collected_labels\walls_room\1780587211036_walls_room.png,obstacles,walls_room,0.7117037773132324,manual_label
1780587212668,collected_labels\ground\1780587212668_ground.png,obstacles,ground,0.7052125334739685,manual_label
1780587216967,collected_labels\walls_room\1780587216967_walls_room.png,walls_room,walls_room,0.7883949875831604,manual_label
1780587221961,collected_labels\player\1780587221961_player.png,player_hit,player,0.7138894200325012,manual_label
1780587223282,collected_labels\ground\1780587223282_ground.png,player_hit,ground,0.7056216597557068,manual_label
1780587227784,collected_labels\walls_room\1780587227784_walls_room.png,walls_room,walls_room,0.7869963645935059,manual_label
1780587228886,collected_labels\ground\1780587228886_ground.png,player_hit,ground,0.7014577388763428,manual_label
1780587233260,collected_labels\walls_room\1780587233260_walls_room.png,walls_room,walls_room,0.7186484932899475,manual_label
1780587237824,collected_labels\ground\1780587237824_ground.png,player_hit,ground,0.7016094326972961,manual_label
1780587242913,collected_labels\walls_room\1780587242913_walls_room.png,walls_room,walls_room,0.7755842804908752,manual_label
1780587244615,collected_labels\player\1780587244615_player.png,player_hit,player,0.7247686982154846,manual_label
1780587246107,collected_labels\ground\1780587246107_ground.png,bullets_player,ground,0.7110429406166077,manual_label
1780587246807,collected_labels\ground\1780587246807_ground.png,player_hit,ground,0.7044152617454529,manual_label
1780587251498,collected_labels\walls_room\1780587251498_walls_room.png,walls_room,walls_room,0.7505651712417603,manual_label
1780587252728,collected_labels\player\1780587252728_player.png,player_hit,player,0.7408143281936646,manual_label
1780587254065,collected_labels\ground\1780587254065_ground.png,bullets_player,ground,0.7094984650611877,manual_label
1780587263020,collected_labels\map\1780587263020_map.png,player_hit,map,0.7373641729354858,manual_label
1780587264217,collected_labels\ground\1780587264217_ground.png,player_hit,ground,0.7319778203964233,manual_label
1780587266343,collected_labels\ground\1780587266343_ground.png,enemy,ground,0.7230345606803894,manual_label
1780587267490,collected_labels\map\1780587267490_map.png,enemy,map,0.7223495244979858,manual_label
1780587268350,collected_labels\map\1780587268350_map.png,bullets_player,map,0.7219870686531067,manual_label
1780587273084,collected_labels\ground\1780587273084_ground.png,opened_door,ground,0.9436295032501221,manual_label
1780587273948,collected_labels\ground\1780587273948_ground.png,opened_door,ground,0.942209780216217,manual_label
1780587277490,collected_labels\ground\1780587277490_ground.png,opened_door,ground,0.9278625845909119,manual_label
1780587278728,collected_labels\ground\1780587278728_ground.png,bullets_player,ground,0.8031466603279114,manual_label
1780587285125,collected_labels\ground\1780587285125_ground.png,bullets_player,ground,0.802097737789154,manual_label
1780587285851,collected_labels\ground\1780587285851_ground.png,bullets_player,ground,0.7993595600128174,manual_label
1780587286353,collected_labels\ground\1780587286353_ground.png,bullets_player,ground,0.797400951385498,manual_label
1780587286932,collected_labels\ground\1780587286932_ground.png,bullets_player,ground,0.7973983287811279,manual_label
1780587287482,collected_labels\ground\1780587287482_ground.png,bullets_player,ground,0.7957350611686707,manual_label
1780587288001,collected_labels\ground\1780587288001_ground.png,bullets_player,ground,0.7905565500259399,manual_label
1780587288456,collected_labels\ground\1780587288456_ground.png,bullets_player,ground,0.7883983254432678,manual_label
1780587288896,collected_labels\ground\1780587288896_ground.png,bullets_enemy,ground,0.7688478231430054,manual_label
1780587289395,collected_labels\ground\1780587289395_ground.png,bullets_enemy,ground,0.7683244347572327,manual_label
1780587289944,collected_labels\ground\1780587289944_ground.png,bullets_enemy,ground,0.7674223780632019,manual_label
1780587290464,collected_labels\ground\1780587290464_ground.png,bullets_enemy,ground,0.7565626502037048,manual_label
1780587290982,collected_labels\ground\1780587290982_ground.png,bullets_enemy,ground,0.7562925219535828,manual_label
1780587291691,collected_labels\ground\1780587291691_ground.png,bullets_enemy,ground,0.7513978481292725,manual_label
1780587292193,collected_labels\ground\1780587292193_ground.png,bullets_enemy,ground,0.7512599229812622,manual_label
1780587292650,collected_labels\ground\1780587292650_ground.png,bullets_enemy,ground,0.7511438131332397,manual_label
1780587295067,collected_labels\ground\1780587295067_ground.png,obstacles,ground,0.746990442276001,manual_label
1780587295837,collected_labels\ground\1780587295837_ground.png,obstacles,ground,0.7307266592979431,manual_label
1780587296279,collected_labels\ground\1780587296279_ground.png,obstacles,ground,0.722519040107727,manual_label
1780587296766,collected_labels\ground\1780587296766_ground.png,obstacles,ground,0.7221625447273254,manual_label
1780587299220,collected_labels\player\1780587299220_player.png,player_hit,player,0.7193753719329834,manual_label
1780587300649,collected_labels\ground\1780587300649_ground.png,obstacles,ground,0.7145031094551086,manual_label
1780587302554,collected_labels\ground\1780587302554_ground.png,walls_room,ground,0.7120348811149597,manual_label
1780587305374,collected_labels\_skipped\1780587305374_skipped.png,player_hit,skipped,0.7119975090026855,skipped
1780587306811,collected_labels\ground\1780587306811_ground.png,obstacles,ground,0.7119796276092529,manual_label
1780587307338,collected_labels\ground\1780587307338_ground.png,obstacles,ground,0.7119554281234741,manual_label
1780587307871,collected_labels\ground\1780587307871_ground.png,obstacles,ground,0.7097589373588562,manual_label
1780587315315,collected_labels\ground\1780587315315_ground.png,bullets_player,ground,0.7449778914451599,manual_label
1780587317446,collected_labels\player\1780587317446_player.png,enemy,player,0.7400017380714417,manual_label
1780587320062,collected_labels\bullets_player\1780587320062_bullets_player.png,bullets_player,bullets_player,0.7306033968925476,manual_label
1780587321332,collected_labels\ground\1780587321332_ground.png,bullets_enemy,ground,0.7090065479278564,manual_label
1780587321914,collected_labels\ground\1780587321914_ground.png,bullets_enemy,ground,0.702201247215271,manual_label
1780587326413,collected_labels\walls_room\1780587326413_walls_room.png,walls_room,walls_room,0.7234905362129211,manual_label
1780587327419,collected_labels\ground\1780587327419_ground.png,bullets_player,ground,0.7225608229637146,manual_label
1780587330349,collected_labels\_skipped\1780587330349_skipped.png,player_hit,skipped,0.7003669142723083,skipped
1780587338869,collected_labels\walls_room\1780587338869_walls_room.png,walls_room,walls_room,0.7234905362129211,manual_label
1780587340725,collected_labels\ground\1780587340725_ground.png,bullets_player,ground,0.7225608229637146,manual_label
1780587341942,collected_labels\_rejected\1780587341942_rejected.png,player_hit,rejected,0.7003669142723083,rejected
1780587346111,collected_labels\walls_room\1780587346111_walls_room.png,walls_room,walls_room,0.7234905362129211,manual_label
1780587350133,collected_labels\ground\1780587350133_ground.png,bullets_player,ground,0.7225608229637146,manual_label
1780587351953,collected_labels\_rejected\1780587351953_rejected.png,player_hit,rejected,0.7003669142723083,rejected
1780587369515,collected_labels\walls_room\1780587369515_walls_room.png,walls_room,walls_room,0.7234905362129211,manual_label
1780587370832,collected_labels\ground\1780587370832_ground.png,bullets_player,ground,0.7225608229637146,manual_label
1780587372342,collected_labels\_rejected\1780587372342_rejected.png,player_hit,rejected,0.7003669142723083,rejected
1780587376334,collected_labels\walls_room\1780587376334_walls_room.png,walls_room,walls_room,0.8235332369804382,manual_label
1780587377838,collected_labels\player\1780587377838_player.png,player_hit,player,0.7593401074409485,manual_label
1780587379174,collected_labels\walls_room\1780587379174_walls_room.png,close_door,walls_room,0.7129531502723694,manual_label
1780587380438,collected_labels\ground\1780587380438_ground.png,obstacles,ground,0.7088249921798706,manual_label
1780587382038,collected_labels\walls_room\1780587382038_walls_room.png,close_door,walls_room,0.7059893608093262,manual_label
1780587382630,collected_labels\walls_room\1780587382630_walls_room.png,walls_room,walls_room,0.7055774927139282,manual_label
1780587383925,collected_labels\ground\1780587383925_ground.png,obstacles,ground,0.7023241519927979,manual_label
1780587384439,collected_labels\ground\1780587384439_ground.png,obstacles,ground,0.7018435597419739,manual_label
1780587384925,collected_labels\ground\1780587384925_ground.png,obstacles,ground,0.7014524340629578,manual_label
1780587387811,collected_labels\ground\1780587387811_ground.png,bullets_enemy,ground,0.7325423955917358,manual_label
1780587397701,collected_labels\bullets_enemy\1780587397701_bullets_enemy.png,bullets_player,bullets_enemy,0.7150403261184692,manual_label
1780587400246,collected_labels\ground\1780587400246_ground.png,obstacles,ground,0.7065757513046265,manual_label
1780587409038,collected_labels\ground\1780587409038_ground.png,player_hit,ground,0.767971396446228,manual_label
1780587410651,collected_labels\player\1780587410651_player.png,enemy,player,0.7573689818382263,manual_label
1780587412053,collected_labels\ground\1780587412053_ground.png,enemy,ground,0.7328144311904907,manual_label
1780587416253,collected_labels\player\1780587416253_player.png,enemy,player,0.740338146686554,manual_label
1780587420803,collected_labels\walls_room\1780587420803_walls_room.png,obstacles,walls_room,0.7239080667495728,manual_label
1780587423029,collected_labels\ground\1780587423029_ground.png,close_door,ground,0.7161737680435181,manual_label
1780587423644,collected_labels\ground\1780587423644_ground.png,obstacles,ground,0.7145337462425232,manual_label
1780587424147,collected_labels\ground\1780587424147_ground.png,obstacles,ground,0.714188814163208,manual_label
1780587426239,collected_labels\obstacles\1780587426239_obstacles.png,obstacles,obstacles,0.7078818082809448,manual_label
1780587430573,collected_labels\ground\1780587430573_ground.png,walls_room,ground,0.7872558236122131,manual_label
1780587433369,collected_labels\walls_room\1780587433369_walls_room.png,obstacles,walls_room,0.7130316495895386,manual_label
1780587434528,collected_labels\ground\1780587434528_ground.png,obstacles,ground,0.7075797915458679,manual_label
1780587435375,collected_labels\ground\1780587435375_ground.png,obstacles,ground,0.7020303606987,manual_label
1780587442458,collected_labels\enemy\1780587442458_enemy.png,enemy,enemy,0.9043958187103271,manual_label
1780587443038,collected_labels\enemy\1780587443038_enemy.png,enemy,enemy,0.8978808522224426,manual_label
1780587444585,collected_labels\enemy\1780587444585_enemy.png,player_hit,enemy,0.8920618891716003,manual_label
1780587446043,collected_labels\ground\1780587446043_ground.png,walls_room,ground,0.7620335221290588,manual_label
1780587450087,collected_labels\enemy\1780587450087_enemy.png,bullets_player,enemy,0.7420673370361328,manual_label
1780587451204,collected_labels\ground\1780587451204_ground.png,obstacles,ground,0.710725724697113,manual_label
1780587451846,collected_labels\ground\1780587451846_ground.png,obstacles,ground,0.7052062749862671,manual_label
1780587452801,collected_labels\ground\1780587452801_ground.png,walls_room,ground,0.7008446455001831,manual_label
1780587453541,collected_labels\ground\1780587453541_ground.png,obstacles,ground,0.7007485032081604,manual_label
1780587458662,collected_labels\ground\1780587458662_ground.png,enemy,ground,0.8102249503135681,manual_label
1780587460579,collected_labels\ground\1780587460579_ground.png,walls_room,ground,0.7994544506072998,manual_label
1780587462647,collected_labels\walls_room\1780587462647_walls_room.png,enemy,walls_room,0.756078839302063,manual_label
1780587464217,collected_labels\walls_room\1780587464217_walls_room.png,player_hit,walls_room,0.7400225400924683,manual_label
1780587465175,collected_labels\walls_room\1780587465175_walls_room.png,player_hit,walls_room,0.7271998524665833,manual_label
1780587467094,collected_labels\ground\1780587467094_ground.png,obstacles,ground,0.7179197072982788,manual_label
1780587467615,collected_labels\ground\1780587467615_ground.png,obstacles,ground,0.7110536098480225,manual_label
1780587468072,collected_labels\ground\1780587468072_ground.png,obstacles,ground,0.7058601379394531,manual_label
1780587468606,collected_labels\ground\1780587468606_ground.png,obstacles,ground,0.7028900384902954,manual_label
1780587475301,collected_labels\ground\1780587475301_ground.png,enemy,ground,0.8032465577125549,manual_label
1780587476026,collected_labels\ground\1780587476026_ground.png,walls_room,ground,0.7871899604797363,manual_label
1780587479789,collected_labels\_rejected\1780587479789_rejected.png,enemy,rejected,0.7669594883918762,rejected
1780587481459,collected_labels\player\1780587481459_player.png,player_hit,player,0.7396247982978821,manual_label
1780587494330,collected_labels\_rejected\1780587494330_rejected.png,bullets_player,rejected,0.7244547009468079,rejected
1780587495197,collected_labels\_rejected\1780587495197_rejected.png,bullets_enemy,rejected,0.72439044713974,rejected
1780587497169,collected_labels\ground\1780587497169_ground.png,obstacles,ground,0.7196325063705444,manual_label
1780587497942,collected_labels\ground\1780587497942_ground.png,obstacles,ground,0.7082153558731079,manual_label
1780587498541,collected_labels\ground\1780587498541_ground.png,obstacles,ground,0.7021870017051697,manual_label
1780587505105,collected_labels\_rejected\1780587505105_rejected.png,opened_door,rejected,0.9417600035667419,rejected
1780587506271,collected_labels\_rejected\1780587506271_rejected.png,opened_door,rejected,0.9414864182472229,rejected
1780587507122,collected_labels\_rejected\1780587507122_rejected.png,opened_door,rejected,0.938578724861145,rejected
1780587508338,collected_labels\_rejected\1780587508338_rejected.png,walls_room,rejected,0.7372611165046692,rejected
1780587511196,collected_labels\_rejected\1780587511196_rejected.png,player_hit,rejected,0.8430783748626709,rejected
1780587512520,collected_labels\ground\1780587512520_ground.png,walls_room,ground,0.7809051275253296,manual_label
1780587514458,collected_labels\bullets_player\1780587514458_bullets_player.png,bullets_player,bullets_player,0.7484036087989807,manual_label
1780587515392,collected_labels\bullets_player\1780587515392_bullets_player.png,bullets_player,bullets_player,0.7458649277687073,manual_label
1780587516793,collected_labels\bullets_player\1780587516793_bullets_player.png,bullets_enemy,bullets_player,0.7443451881408691,manual_label
1780587521239,collected_labels\close_door\1780587521239_close_door.png,enemy,close_door,0.720547080039978,manual_label
1780587522559,collected_labels\ground\1780587522559_ground.png,obstacles,ground,0.7112005949020386,manual_label
1780587523074,collected_labels\ground\1780587523074_ground.png,obstacles,ground,0.702562153339386,manual_label
1780587523559,collected_labels\ground\1780587523559_ground.png,obstacles,ground,0.7005369067192078,manual_label
1780587526428,collected_labels\ground\1780587526428_ground.png,enemy,ground,0.7290043830871582,manual_label
1780587527923,collected_labels\ground\1780587527923_ground.png,walls_room,ground,0.7225654125213623,manual_label
1780587528818,collected_labels\ground\1780587528818_ground.png,obstacles,ground,0.705643892288208,manual_label
1780587529757,collected_labels\ground\1780587529757_ground.png,walls_room,ground,0.7015828490257263,manual_label
1780587530561,collected_labels\ground\1780587530561_ground.png,obstacles,ground,0.700484573841095,manual_label
1780587535063,collected_labels\walls_room\1780587535063_walls_room.png,walls_room,walls_room,0.7909853458404541,manual_label
1780587537585,collected_labels\ground\1780587537585_ground.png,bullets_enemy,ground,0.7281004786491394,manual_label
1780587538396,collected_labels\ground\1780587538396_ground.png,obstacles,ground,0.7092838883399963,manual_label
1780587538942,collected_labels\ground\1780587538942_ground.png,obstacles,ground,0.7081784605979919,manual_label
1780587543245,collected_labels\walls_room\1780587543245_walls_room.png,walls_room,walls_room,0.7946234941482544,manual_label
1780587546445,collected_labels\bullets_player\1780587546445_bullets_player.png,bullets_player,bullets_player,0.7699684500694275,manual_label
1780587547318,collected_labels\bullets_player\1780587547318_bullets_player.png,bullets_player,bullets_player,0.7588135004043579,manual_label
1780587548525,collected_labels\bullets_player\1780587548525_bullets_player.png,bullets_player,bullets_player,0.7464450597763062,manual_label
1780587550258,collected_labels\ground\1780587550258_ground.png,bullets_player,ground,0.7425175905227661,manual_label
1780587550904,collected_labels\ground\1780587550904_ground.png,bullets_enemy,ground,0.7404044270515442,manual_label
1780587551608,collected_labels\ground\1780587551608_ground.png,bullets_enemy,ground,0.7402616739273071,manual_label
1780587554134,collected_labels\bullets_player\1780587554134_bullets_player.png,player_hit,bullets_player,0.7371787428855896,manual_label
1780587555410,collected_labels\bullets_player\1780587555410_bullets_player.png,player_hit,bullets_player,0.7362267374992371,manual_label
1780587556054,collected_labels\bullets_player\1780587556054_bullets_player.png,player_hit,bullets_player,0.7320029139518738,manual_label
1780587556693,collected_labels\bullets_player\1780587556693_bullets_player.png,bullets_player,bullets_player,0.7287442088127136,manual_label
1780587557272,collected_labels\bullets_player\1780587557272_bullets_player.png,bullets_player,bullets_player,0.7229032516479492,manual_label
1780587558523,collected_labels\bullets_player\1780587558523_bullets_player.png,bullets_enemy,bullets_player,0.7178563475608826,manual_label
1780587560695,collected_labels\ground\1780587560695_ground.png,bullets_player,ground,0.7116971015930176,manual_label
1780587562630,collected_labels\ground\1780587562630_ground.png,obstacles,ground,0.7074956297874451,manual_label
1780587563911,collected_labels\_rejected\1780587563911_rejected.png,bullets_enemy,rejected,0.7006711959838867,rejected
1780587570268,collected_labels\ground\1780587570268_ground.png,walls_room,ground,0.7875550985336304,manual_label
1780587571846,collected_labels\walls_room\1780587571846_walls_room.png,enemy,walls_room,0.7780172228813171,manual_label
1780587572932,collected_labels\ground\1780587572932_ground.png,obstacles,ground,0.7259656190872192,manual_label
1780587574000,collected_labels\ground\1780587574000_ground.png,obstacles,ground,0.7037659883499146,manual_label
1780587578255,collected_labels\walls_room\1780587578255_walls_room.png,walls_room,walls_room,0.7598397731781006,manual_label
1780587580019,collected_labels\ground\1780587580019_ground.png,player_hit,ground,0.720171332359314,manual_label
1780587580569,collected_labels\ground\1780587580569_ground.png,obstacles,ground,0.7087202072143555,manual_label
1780587581099,collected_labels\ground\1780587581099_ground.png,obstacles,ground,0.7061261534690857,manual_label
1780587581616,collected_labels\ground\1780587581616_ground.png,obstacles,ground,0.7023385763168335,manual_label
1780587585833,collected_labels\bullets_player\1780587585833_bullets_player.png,bullets_player,bullets_player,0.783129096031189,manual_label
1780587586617,collected_labels\bullets_player\1780587586617_bullets_player.png,bullets_enemy,bullets_player,0.7602366805076599,manual_label
1780587588594,collected_labels\close_door\1780587588594_close_door.png,enemy,close_door,0.7365372776985168,manual_label
1780587590708,collected_labels\walls_room\1780587590708_walls_room.png,walls_room,walls_room,0.7333150506019592,manual_label
1780587592273,collected_labels\ground\1780587592273_ground.png,opened_door,ground,0.7100080251693726,manual_label
1780587593185,collected_labels\ground\1780587593185_ground.png,obstacles,ground,0.707804262638092,manual_label
1780587593826,collected_labels\ground\1780587593826_ground.png,obstacles,ground,0.7015711665153503,manual_label
1780587596704,collected_labels\ground\1780587596704_ground.png,walls_room,ground,0.8049103021621704,manual_label
1780587598112,collected_labels\bullets_player\1780587598112_bullets_player.png,bullets_player,bullets_player,0.7720366716384888,manual_label
1780587598781,collected_labels\bullets_player\1780587598781_bullets_player.png,bullets_player,bullets_player,0.7686416506767273,manual_label
1780587599576,collected_labels\bullets_player\1780587599576_bullets_player.png,bullets_enemy,bullets_player,0.7569875121116638,manual_label
1780587601168,collected_labels\player\1780587601168_player.png,player_hit,player,0.7381459474563599,manual_label
1780587603168,collected_labels\ground\1780587603168_ground.png,obstacles,ground,0.7305428385734558,manual_label
1780587603813,collected_labels\ground\1780587603813_ground.png,obstacles,ground,0.7253125309944153,manual_label
1780587605203,collected_labels\ground\1780587605203_ground.png,close_door,ground,0.7050303816795349,manual_label
1780587606069,collected_labels\ground\1780587606069_ground.png,close_door,ground,0.7028226852416992,manual_label
1780587608977,collected_labels\ground\1780587608977_ground.png,walls_room,ground,0.7841697335243225,manual_label
1780587610385,collected_labels\bullets_player\1780587610385_bullets_player.png,bullets_player,bullets_player,0.7830544710159302,manual_label
1780587611139,collected_labels\bullets_player\1780587611139_bullets_player.png,bullets_player,bullets_player,0.7825178503990173,manual_label
1780587611721,collected_labels\bullets_player\1780587611721_bullets_player.png,bullets_player,bullets_player,0.7740827202796936,manual_label
1780587612667,collected_labels\bullets_player\1780587612667_bullets_player.png,bullets_enemy,bullets_player,0.7558223009109497,manual_label
1780587613326,collected_labels\bullets_player\1780587613326_bullets_player.png,bullets_enemy,bullets_player,0.7463823556900024,manual_label
1780587614536,collected_labels\bullets_player\1780587614536_bullets_player.png,bullets_enemy,bullets_player,0.743811845779419,manual_label
1780587616408,collected_labels\close_door\1780587616408_close_door.png,enemy,close_door,0.7216377258300781,manual_label
1780587617785,collected_labels\ground\1780587617785_ground.png,obstacles,ground,0.7196603417396545,manual_label
